Workbook

Sheet Instructions
B2: EASM Governance Assessment — Working Template
B4: Purpose: assess whether the bank's externally-facing digital assets (web, cloud, DNS, APIs, third parties) are properly discovered, owned and maintained across their lifecycle — and identify the gap between what we know we have and what actually exists (shadow IT).
B6: How to use this workbook
B8: 1. Your colleague
B9: provides the raw links / asset lists (source data) discovered by the EASM tool or manual recon.
B11: 2. You
B12: fill in the 'Asset Register & Governance' tab, one row per asset or per homogeneous group of assets (e.g. all marketing subdomains on Vendor X).
B14: 3. Answer the 5W1H columns
B15: factually, based on what you can evidence — leave blank / mark 'Unknown' rather than guessing.
B17: 4. Assign a Governance Status
B18: and a RAG rating per row using the dropdowns provided.
B20: 5. The 'Executive Summary' tab
... B36: HOW discovered — Which source surfaced it: official CMDB, EASM tool scan, manual recon, incident, audit.

Sheet Asset Register & Governance
A1: Asset Category | B1: Asset / Source Link (from colleague) | C1: WHO created it | D1: WHO owns it now | E1: WHAT is it | F1: WHEN created (approx.) | G1: WHERE hosted | H1: WHY it exists | I1: HOW discovered | J1: In official CMDB? (Yes/No) | K1: Actively monitored? (Yes/No) | L1: Patch / renewal process in place? | M1: Decommission process exists? | N1: Governance Status | O1: RAG Rating | P1: Gap identified | Q1: Recommendation | R1: Evidence / Notes
A2: Web / Domains | B2: app-legacy.bnpparibas-example.com (link from colleague) | C2: Marketing agency (external, 2021 campaign) | D2: Unknown — no named owner found | E2: Marketing landing page, still resolving | F2: ~2021 (certificate issue date) | G2: Third-party host (OVH) | H2: Was used for a product campaign, campaign ended 2021 | I2: EASM tool scan (certificate transparency log) | J2: No | K2: No | L2: No | M2: No | N2: Shadow IT / Unknown | O2: Red | P2: Not in CMDB, no owner, TLS cert expired, still publicly resolvable | Q2: Assign temporary owner, confirm business need, decommission if none, add to CMDB | R2: Screenshot + cert log entry saved in evidence folder

Sheet Executive Summary
A1: EASM Governance — Executive Summary
A2: Auto-calculated from the 'Asset Register & Governance' tab. Fill headline gap/recommendation manually per category.
A4: Asset Category | B4: Assets Assessed | C4: Green (Managed) | D4: Amber (Gaps) | E4: Red (Shadow IT) | F4: Overall RAG | G4: % Not in CMDB | H4: Headline Gap | I4: Recommendation to Management
A5: Web / Domains | B5: =COUNTIFS('Asset Register & Governance'!$A$3:$A$60,A5) -> 0 | C5: =COUNTIFS('Asset Register & Governance'!$A$3:$A$60,A5,'Asset Register & Governance'!$O$3:$O$60,"Green") -> 0 | D5: =COUNTIFS('Asset Register & Governance'!$A$3:$A$60,A5,'Asset Register & Governance'!$O$3:$O$60,"Amber") -> 0 | E5: =COUNTIFS('Asset Register & Governance'!$A$3:$A$60,A5,'Asset Register & Governance'!$O$3:$O$60,"Red") -> 0 | F5: =IF(B5=0,"",IF(E5>0,"Red",IF(D5>0,"Amber","Green"))) | G5: =IFERROR(COUNTIFS('Asset Register & Governance'!$A$3:$A$60,A5,'Asset Register & Governance'!$J$3:$J$60,"No")/B5,0) -> 0
A6: Cloud Infra | B6: =COUNTIFS('Asset Register & Governance'!$A$3:$A$60,A6) -> 0 | C6: =COUNTIFS('Asset Register & Governance'!$A$3:$A$60,A6,'Asset Register & Governance'!$O$3:$O$60,"Green") -> 0 | D6: =COUNTIFS('Asset Register & Governance'!$A$3:$A$60,A6,'Asset Register & Governance'!$O$3:$O$60,"Amber") -> 0 | E6: =COUNTIFS('Asset Register & Governance'!$A$3:$A$60,A6,'Asset Register & Governance'!$O$3:$O$60,"Red") -> 0 | F6: =IF(B6=0,"",IF(E6>0,"Red",IF(D6>0,"Amber","Green"))) | G6: =IFERROR(COUNTIFS('Asset Register & Governance'!$A$3:$A$60,A6,'Asset Register & Governance'!$J$3:$J$60,"No")/B6,0) -> 0
A7: DNS / Subdomains | B7: =COUNTIFS('Asset Register & Governance'!$A$3:$A$60,A7) -> 0 | C7: =COUNTIFS('Asset Register & Governance'!$A$3:$A$60,A7,'Asset Register & Governance'!$O$3:$O$60,"Green") -> 0 | D7: =COUNTIFS('Asset Register & Governance'!$A$3:$A$60,A7,'Asset Register & Governance'!$O$3:$O$60,"Amber") -> 0 | E7: =COUNTIFS('Asset Register & Governance'!$A$3:$A$60,A7,'Asset Register & Governance'!$O$3:$O$60,"Red") -> 0 | F7: =IF(B7=0,"",IF(E7>0,"Red",IF(D7>0,"Amber","Green"))) | G7: =IFERROR(COUNTIFS('Asset Register & Governance'!$A$3:$A$60,A7,'Asset Register & Governance'!$J$3:$J$60,"No")/B7,0) -> 0
A8: Certificates | B8: =COUNTIFS('Asset Register & Governance'!$A$3:$A$60,A8) -> 0 | C8: =COUNTIFS('Asset Register & Governance'!$A$3:$A$60,A8,'Asset Register & Governance'!$O$3:$O$60,"Green") -> 0 | D8: =COUNTIFS('Asset Register & Governance'!$A$3:$A$60,A8,'Asset Register & Governance'!$O$3:$O$60,"Amber") -> 0 | E8: =COUNTIFS('Asset Register & Governance'!$A$3:$A$60,A8,'Asset Register & Governance'!$O$3:$O$60,"Red") -> 0 | F8: =IF(B8=0,"",IF(E8>0,"Red",IF(D8>0,"Amber","Green"))) | G8: =IFERROR(COUNTIFS('Asset Register & Governance'!$A$3:$A$60,A8,'Asset Register & Governance'!$J$3:$J$60,"No")/B8,0) -> 0
A9: APIs | B9: =COUNTIFS('Asset Register & Governance'!$A$3:$A$60,A9) -> 0 | C9: =COUNTIFS('Asset Register & Governance'!$A$3:$A$60,A9,'Asset Register & Governance'!$O$3:$O$60,"Green") -> 0 | D9: =COUNTIFS('Asset Register & Governance'!$A$3:$A$60,A9,'Asset Register & Governance'!$O$3:$O$60,"Amber") -> 0 | E9: =COUNTIFS('Asset Register & Governance'!$A$3:$A$60,A9,'Asset Register & Governance'!$O$3:$O$60,"Red") -> 0 | F9: =IF(B9=0,"",IF(E9>0,"Red",IF(D9>0,"Amber","Green"))) | G9: =IFERROR(COUNTIFS('Asset Register & Governance'!$A$3:$A$60,A9,'Asset Register & Governance'!$J$3:$J$60,"No")/B9,0) -> 0
A10: Network / IP ranges | B10: =COUNTIFS('Asset Register & Governance'!$A$3:$A$60,A10) -> 0 | C10: =COUNTIFS('Asset Register & Governance'!$A$3:$A$60,A10,'Asset Register & Governance'!$O$3:$O$60,"Green") -> 0 | D10: =COUNTIFS('Asset Register & Governance'!$A$3:$A$60,A10,'Asset Register & Governance'!$O$3:$O$60,"Amber") -> 0 | E10: =COUNTIFS('Asset Register & Governance'!$A$3:$A$60,A10,'Asset Register & Governance'!$O$3:$O$60,"Red") -> 0 | F10: =IF(B10=0,"",IF(E10>0,"Red",IF(D10>0,"Amber","Green"))) | G10: =IFERROR(COUNTIFS('Asset Register & Governance'!$A$3:$A$60,A10,'Asset Register & Governance'!$J$3:$J$60,"No")/B10,0) -> 0
A11: Third-party / SaaS | B11: =COUNTIFS('Asset Register & Governance'!$A$3:$A$60,A11) -> 0 | C11: =COUNTIFS('Asset Register & Governance'!$A$3:$A$60,A11,'Asset Register & Governance'!$O$3:$O$60,"Green") -> 0 | D11: =COUNTIFS('Asset Register & Governance'!$A$3:$A$60,A11,'Asset Register & Governance'!$O$3:$O$60,"Amber") -> 0 | E11: =COUNTIFS('Asset Register & Governance'!$A$3:$A$60,A11,'Asset Register & Governance'!$O$3:$O$60,"Red") -> 0 | F11: =IF(B11=0,"",IF(E11>0,"Red",IF(D11>0,"Amber","Green"))) | G11: =IFERROR(COUNTIFS('Asset Register & Governance'!$A$3:$A$60,A11,'Asset Register & Governance'!$J$3:$J$60,"No")/B11,0) -> 0
A12: Email / Messaging | B12: =COUNTIFS('Asset Register & Governance'!$A$3:$A$60,A12) -> 0 | C12: =COUNTIFS('Asset Register & Governance'!$A$3:$A$60,A12,'Asset Register & Governance'!$O$3:$O$60,"Green") -> 0 | D12: =COUNTIFS('Asset Register & Governance'!$A$3:$A$60,A12,'Asset Register & Governance'!$O$3:$O$60,"Amber") -> 0 | E12: =COUNTIFS('Asset Register & Governance'!$A$3:$A$60,A12,'Asset Register & Governance'!$O$3:$O$60,"Red") -> 0 | F12: =IF(B12=0,"",IF(E12>0,"Red",IF(D12>0,"Amber","Green"))) | G12: =IFERROR(COUNTIFS('Asset Register & Governance'!$A$3:$A$60,A12,'Asset Register & Governance'!$J$3:$J$60,"No")/B12,0) -> 0
A13: Other | B13: =COUNTIFS('Asset Register & Governance'!$A$3:$A$60,A13) -> 0 | C13: =COUNTIFS('Asset Register & Governance'!$A$3:$A$60,A13,'Asset Register & Governance'!$O$3:$O$60,"Green") -> 0 | D13: =COUNTIFS('Asset Register & Governance'!$A$3:$A$60,A13,'Asset Register & Governance'!$O$3:$O$60,"Amber") -> 0 | E13: =COUNTIFS('Asset Register & Governance'!$A$3:$A$60,A13,'Asset Register & Governance'!$O$3:$O$60,"Red") -> 0 | F13: =IF(B13=0,"",IF(E13>0,"Red",IF(D13>0,"Amber","Green"))) | G13: =IFERROR(COUNTIFS('Asset Register & Governance'!$A$3:$A$60,A13,'Asset Register & Governance'!$J$3:$J$60,"No")/B13,0) -> 0
A15: TOTAL | B15: =SUM(B5:B13) -> 0 | C15: =SUM(C5:C13) -> 0 | D15: =SUM(D5:D13) -> 0 | E15: =SUM(E5:E13) -> 0
A17: Note: rows are matched by exact text in 'Asset Category' — use only the categories listed in the dropdown on the Asset Register tab so they roll up correctly here. The example row (row 2) on the register tab is excluded automatically since counting starts at row 3.
